Make,Model,Year,Trim,Cost,Miles
Honda,Accord,2020,EX-L,25995,7429
Honda,Accord,2022,Sport,29000,6216
Honda,Accord,2021,Touring,26500,8422
Honda,Accord,2022,Sport,21495,1580
Honda,Accord,2020,LX 1.5T,23195,3532
Honda,Accord,2021,Sport,17999,20000
Honda,Accord,2022,Sport,21999,16846
Honda,Accord,2022,Sport,29000,17048
Honda,Accord,2022,Sport,30490,14117
Honda,Accord,2022,Sport SE,23100,10560
Honda,Accord,2020,EX-L,20471,28176
Honda,Accord,2021,EX-L,27021,29107
Honda,Accord,2017,EX,18990,29043
Honda,Accord,2022,EX-L,27099,23180
Honda,Accord,2019,EX,20995,26649
Honda,Accord,2016,EX-L V6,19995,32312
Honda,Accord,2020,EX,17971,39104
Honda,Accord,2022,EX-L,26500,30086
Honda,Accord,2017,EX w/Honda Sensing,14971,35239
Honda,Accord,2016,LX 1.5T,13499,34617
Honda,Accord,2018,EX-L,24888,44970
Honda,Accord,2014,EX-L,13471,42788
Honda,Accord,2016,EX-L w/Navi w/Honda Sensing,18500,42153
Honda,Accord,2018,LX,16799,42000
Honda,Accord,2018,Sport,17241,47875
Honda,Accord,2015,EX-L,16995,55288
Honda,Accord,2018,EX-L w/Navi,23995,54524
Honda,Accord,2018,EX,21595,58821
Honda,Accord,2015,EX-L w/Navi,17500,51873
Honda,Accord,2013,EX-L V6 w/Navi,17000,56165
Honda,Accord,2016,EX,18151,64480
Honda,Accord,2016,EX-L w/Navi w/Honda Sensing,13000,62080
Honda,Accord,2014,EX,14995,68632
Honda,Accord,2017,EX-L,13471,69887
Honda,Accord,2017,EX-L V6,12990,66321
Honda,Accord,2016,EX-L,20000,77588
Honda,Accord,2013,EX-L w/Navi,10799,78000
Honda,Accord,2017,EX-L w/Navi w/Honda Sensing,14999,79167
Honda,Accord,2017,EX-L V6,18955,72145
Honda,Accord,2015,EX-L V6,12995,76626
Honda,Accord,2015,EX,14875,86461
Honda,Accord,2014,EX-L V6,14490,89980
Honda,Accord,2014,EX-L V6 w/Navi,13995,82864
Honda,Accord,2016,LX,11199,83000
Honda,Accord,2017,Sport,11599,89000
Honda,Accord,2016,EX-L,11799,91000
Honda,Accord,2015,EX-L,15988,92717
Honda,Accord,2015,EX,14795,96546
Honda,Accord,2013,EX-L w/Navi,11999,97900
Honda,Accord,2015,EX-L,15987,100000
Honda,Accord,2014,EX-L V6 w/Navi,12995,101100
Honda,Accord,2013,EX-L,9995,104000
Honda,Accord,2014,EX-L,15900,103002
Honda,Accord,2015,EX-L,15987,100000
Honda,Accord,2013,LX,12995,106520
Honda,Accord,2015,EX-L,12999,118400
Honda,Accord,2013,EX-L V6 w/Navi,19000,115000
Honda,Accord,2016,EX-L,10999,114000
Honda,Accord,2014,LX,10998,119171
Honda,Accord,2016,LX,11995,110954
Honda,Accord,2014,EX-L V6 w/Navi,12900,126000
Honda,Accord,2015,EX-L,13948,122493
Honda,Accord,2017,EX-L,11205,127143
Honda,Accord,2013,EX-L,12900,125690
Honda,Accord,2014,EX,9999,129172
Honda,Accord,2013,EX-L,11995,138512
Honda,Accord,2014,EX-L,12317,131036
Honda,Accord,2016,EX-L,14867,139355
Honda,Accord,2013,LX,9987,139601
Honda,Accord,2014,LX,10300,135170
Honda,Accord,2013,EX-L w/Navi,12500,140357
Honda,Accord,2017,EX-L V6,14590,141594
Honda,Accord,2013,EX-L V6,8995,148330
Honda,Accord,2014,LX,10494,141199
Honda,Accord,2015,EX,8995,143882
Honda,Accord,2013,EX-L,12995,174870
Honda,Accord,2013,???,7000,188000
